start	end	text
0	7660	So what if I told you that the math making your laptop physically hot right now is the
7660	13560	exact same geometry that forced ancient humans to change how they conjugate their verbs?
13960	16500	I mean, it sounds completely absurd on its face, right?
16520	17120	It really does.
17560	22920	But today, we are taking a deep dive into a theory that claims to have found basically
22920	24600	the universal source code.
24760	24940	Yeah.
25240	29740	And usually, you know, when we think about the rules governing our reality, we put them
29740	31620	into these completely separate airtight boxes.
31900	32120	Mm-hmm.
32420	32860	Absolutely.
33000	34040	We compartmentalize everything.
34200	34360	Right.
34620	36020	There's the box for quantum physics.
36220	37960	There's the box for electrical engineering.
38060	41860	And then, like, way over on the other side of the building, there's the box for cognitive
41860	43440	neuroscience and human culture.
43560	43800	Yeah.
43860	48000	We just assume that the math used to design a silicon microchip has absolutely nothing
48000	51080	to do with, say, the evolution of the English language.
51180	51660	Exactly.
51960	52160	Yeah.
52160	56240	But that assumption is exactly what we are challenging in this deep dive today.
56240	63680	We are looking at a massive and, I mean, wildly ambitious stack of academic manuscripts from
63680	65300	an independent researcher named Flixia.
65600	67420	And when we say massive, we're not kidding.
67620	72500	I mean, we are looking at papers covering everything from the thermodynamics of logic gates
72500	80040	to the neurobiology of consciousness, all the way to the geometric modeling of linguistic drift.
80180	81000	It's staggering.
81260	81540	It is.
81700	88100	The mission for us today is to really untangle this single mind-bending mathematical thread
88100	92400	that Flixian claims sews every single one of these fields together.
92400	96600	And that thread is a framework Flixian calls continuation geometry.
96820	97080	Right.
97580	102680	Which is heavily tied to something called the RSVP framework, the relativistic scalar vector
102680	103040	plenum.
103140	103360	Right.
103600	108580	I have to admit, when I first started reading this for our deep dive, I just felt this sheer
108580	110360	enthusiastic bewilderment.
110460	111580	Oh, I totally get that.
111620	112640	It's a lot to take in.
112740	117500	I mean, the sheer ambition to claim that a resistor on a circuit board and a thought in your cerebral
117500	122580	cortex are executing the exact same mathematical operation, it sounds like pure science fiction
122580	122920	to me.
123160	125780	It definitely reads like science fiction at first glance, I'll give you that.
125960	131300	But, and this is crucial, the foundational math is actually deeply rooted in established,
131560	133020	rigorously proven theories.
133360	133560	Right.
133620	134440	It's not just made up.
134540	134880	Exactly.
135660	140200	Flixian is drawing very heavily on the work of Tristan Needham, specifically his textbook
140200	141800	Visual Complex Analysis.
142120	142360	Okay.
142360	149380	What Flixian has done is take Needham's incredibly elegant way of visualizing complex math and
149380	153400	just push those concepts to their absolute furthest limits.
153760	160180	So, to even begin to understand how Flixian's universe works, we actually have to go all
160180	161200	the way back to the basics.
161520	162080	Right?
162180	165300	Like, we have to fix how we look at numbers themselves.
165400	166100	We really do.
166200	169800	We essentially have to completely relearn how to read the language of mathematics.
169800	174760	Which sounds daunting, but there is this fantastic entry point for this in our sources.
175100	180500	It's actually a piece of correspondence regarding Flixian's own handwritten math notation.
180620	181280	Oh, yeah.
181400	182420	This is a great story.
182620	182760	Yeah.
182840	187540	So, someone was trying to transcribe Flixian's handwritten notes into standard digital text,
187740	189000	and they hit a complete wall.
189240	194500	They saw this symbol and thought Flixian was just writing a sloppy tilde, you know, that little
194500	197900	squiggly line we use in math to mean approximately equal to.
197940	198140	Right.
198200	199040	Like, close enough.
199040	199760	Exactly.
200460	203960	But Flixian immediately corrected them, and it completely blew my mind why.
204520	210080	Well, the transcriber was just silently normalizing these symbols into standard asymptotic equivalents,
210480	213580	just assuming Flixian meant A is roughly equal to B.
213820	218260	But Flixian was deliberately using custom, highly specific symbols.
218480	223760	One of them looked like sideways square brackets facing each other, and another looked like back-to-back
223760	224800	rounded parentheses.
224800	228060	And the distinction there was critical, right?
228280	230760	Because Flixian wasn't talking about mere approximations.
230920	231540	Not at all.
231680	234060	This wasn't a casual, close enough situation.
234680	239420	Flixian was inventing a totally new notation for the infinitesimal limit.
239420	241720	Okay, let's unpack this for everyone listening.
242180	247040	Because, I mean, what does it actually mean to invent a new notation for the infinitesimal limit?
247340	249180	Well, think about how we usually treat algebra.
249560	253840	We treat it as an abstract game of moving letters around an equal sign, right?
254000	254660	Yeah, exactly.
254660	259320	But for Flixian, math is a description of physical geometric actions.
260180	263920	So when you look at two curves on a graph that are getting closer and closer together,
264380	268380	standard math just says, you know, as they go to infinity, they are basically the same.
268580	268680	Right.
269120	276240	Flixian's sideways brackets are a geometric notation showing how finite measurable increments in space
276240	282840	actually become their differential counterparts when you zoom in to the infinitesimal level.
282840	288400	So it's not just that they're close, it's a meticulous obsession with geometry over casual algebra.
288720	289280	Precisely.
289640	296480	When Flixian says A is ultimately equal to B, it means that at the deepest, most microscopic limit of reality,
297040	301720	the literal geometric shape of A and the geometric shape of B perfectly align.
301840	302140	Wow.
302400	306740	And that distinction, that really sets the stage for the core concept of this entire deep dive.
306800	307260	It does.
307400	310960	Because if math is always describing a physical geometric action,
310960	313980	then we have to completely rethink the numbers we learned in high school.
314300	316200	Specifically, this idea of the unsquared number.
316380	316600	Yes.
316920	318280	The unsquared number is key here.
318560	320200	I love this concept so much.
320280	322160	So think back to algebra class, right?
322740	325820	We are all taught about imaginary numbers.
326260	327900	Specifically, the letter I.
328000	329960	Everyone's favorite confusing math topic.
330000	330400	Exactly.
330880	334740	We are told that I is the square root of negative one.
334740	339760	Which, I don't know about you, but on its face, that always felt like a hack to me.
339940	340480	Oh, totally.
340520	342840	Like, you can't multiply a number by itself and get a negative.
343180	344980	A positive times a positive is positive.
345100	346380	A negative times a negative is positive.
346760	353440	So mathematicians just, like, invented this magical imaginary unit to make their equations balance out.
353440	360500	And that feeling, that feeling that it's a hack, is exactly what Tristan Needham and now Fliction are directly addressing.
361180	363520	We've been looking at the letter entirely wrong.
363740	367540	It is not a number in the traditional sense of counting apples or measuring a distance.
367540	369520	It is a geometric operator.
369860	372840	It is a literal instruction to twist space.
373420	374720	An instruction to twist space.
374820	375900	Okay, you've got to walk me through that.
375960	379160	Okay, imagine you are standing on a number line, right at the number one.
379220	380180	You are facing forward.
380340	380720	Got it.
380720	388780	Multiplying your position by I doesn't just change your quantity, it rotates you 90 degrees off that flat number line into a new dimension.
389000	390240	So now I'm facing sideways.
390500	392480	Right, so now you are standing at 1 times I.
392800	393740	You are looking sideways.
393740	397580	Now, if you multiply by I again, that is another 90 degree twist.
397800	401060	Ah, so now I'm facing entirely backward, pointing at negative 1.
401260	401700	Exactly.
402360	405340	The negative 1 didn't come from a magical abstract property.
405660	408880	It came from two consecutive 90 degree spatial rotations.
409240	410460	That makes so much more sense.
410720	413300	This is what Flickshen means by an unsquared number.
413820	420500	An imaginary number is a geometric torsion, a literal twist hiding in the disguise of an algebraic variable.
420500	424500	Which brings us to the most critical word in this entire framework, the Amplitwist.
425420	426500	Yes, the Amplitwist.
427320	432500	If we understand this, we essentially understand the engine of Flickshen's entire universe.
432500	437220	Every complex number does two things to space at the exact same time.
437560	441440	It scales the space, that's the amplitude, and it rotates the space.
441880	442560	That's the twist.
442600	443100	That's it.
443220	444040	Amplitude and twist.
444380	446420	So here is how I visualize it.
446460	447820	You tell me if I'm tracking this correctly.
448000	450320	Imagine you are holding your smartphone, right?
450440	452080	And you're looking at a digital map.
452280	452540	Okay.
452540	457560	You want to look at a specific neighborhood, but the map is sideways and it's way too zoomed out.
457780	459840	What do you physically do with your hand?
460000	460780	You pinch and turn.
461020	461480	Exactly.
461760	468700	You put two fingers on the screen, you pull them apart to zoom in, and at the exact same time, you twist your wrist to rotate the map.
469100	473220	You're scaling and rotating simultaneously in one fluid motion.
473220	481820	So is Flickshen saying that this literal pinch and twist action on your phone screen is the fundamental mathematical language of reality?
482160	485660	That analogy perfectly captures the 2D version of it, yes.
485740	488540	But obviously the universe doesn't live on a flat phone screen.
488660	488860	Right.
488960	490760	It's 3D or 4D with time.
490880	491360	Exactly.
491680	497400	So Flickshen takes that 2D pinch and twist and generalizes it into the four dimensions of space-time.
497700	501860	And to escape the flat plane, the math relies on something called Clifford Algebras.
501860	503560	Okay, Clifford Algebras.
503720	505120	That sounds incredibly intimidating.
505280	507700	How does a pinch and twist escape a flat plane using that?
508040	519120	I know it sounds dense, but without getting bogged down in the massive equations, just think of a Clifford Algebra as a mathematical toolkit that allows you to multiply directions together.
519360	520040	Multiply directions.
520160	520400	Yeah.
520560	523120	On your phone screen, you only have up, down, and left, right.
523120	532500	A Clifford Algebra lets you take that 2D rotation, add a third dimension of depth and a fourth dimension of time, and basically create a single mathematical object.
532820	533800	Like a field operator.
534020	534520	Exactly.
534740	538740	A field operator that can scale and twist in all of those directions at once.
538740	544840	The idea is that reality itself is not made of static objects sitting in some empty void.
545440	552700	Reality is a continuous flowing field that is constantly scaling, flowing, and twisting itself into new configurations.
553040	553260	Wow.
553520	558100	It turns the universe into this dynamic origami constantly folding and unfolding itself.
558300	559520	That's a great way to picture it.
559520	562280	But let's put this beautiful image to the test, right?
562320	567960	Because if this amplit list is really the fundamental language of reality, how does it handle the heavy lifting?
568360	572280	Let's take it into section 2 of our sources, which is quantum mechanics.
572440	572600	Right.
572660	573560	The ultimate test.
573560	578640	How does this apply to the most rigorous fundamental physics we have?
578860	584420	Well, that hurdle is addressed head-on in a paper titled Rotation Before Number.
584420	592960	And to understand the solution, we first have to acknowledge a massive elephant-in-the-room problem with the way we currently do quantum mechanics.
593160	593660	Oh, do tell.
593860	600060	The paper argues that standard quantum math is computationally perfect, but it is epistemically opaque.
600780	608880	Epistemically opaque, which is a very polite academic way of saying it gives us the absolute right answers, but completely hides the why.
609100	610400	That is exactly it.
610460	612500	It is the ultimate trap of abstraction.
612500	620380	Generations of physicists have inherited this incredibly powerful notation things like Schrodinger's equation and Hilbert spaces.
620600	622760	Now, remind us real quick, what is a Hilbert space?
622900	627880	A Hilbert space is basically just a mathematical arena with infinite dimensions where quantum states live.
628060	633500	And all of this math is heavily reliant on complex numbers, on that imaginary unit that we just talked about.
633840	635600	And it works perfectly in the lab.
635600	647420	I mean, we can predict particle behavior to absurd decimal places, but because it's written in the compressed language of algebra, we've lost the geometric intuition that generated it in the first book.
647480	648360	Compressed geometry.
648840	653820	The sources use that phrase, and it really stuck with the complex algebra, is just compressed geometry.
654020	654280	Yes.
654280	662340	When a physicist sees an eye in Schrodinger's equation, they just treat it as a mathematical necessity to make the wave function work.
662960	667420	But Flixson is saying, no, that eye is a geometric quarter turn hiding in plain sight.
667580	672900	It is a literal instruction for spatial torsion that got compressed into a single letter.
672900	677040	So to prove this, the source material does something totally wild.
677440	681980	It completely rebuilds quantum mechanics from scratch without using any complex numbers.
682180	683880	Yes, which is a massive undertaking.
684140	687380	It translates the whole thing into pure, uncompressed real numbers.
688380	693040	But I have a major pushback here, and I'm sure anyone who has studied math is thinking the same thing.
693360	702260	If you just swap complex numbers out and force everything into real numbers, don't you lose the extra dimensions that the imaginary numbers were holding onto?
702260	710020	You absolutely would lose information, yes, unless you expand the coordinate space to explicitly account for those rotations.
710460	714940	And Flixson does exactly this by introducing the real flag space QM.
715360	723160	It's a system where that imaginary unit is entirely replaced by a literal physical quarter turn matrix, which they call JF.
723720	725440	Okay, a physical quarter turn matrix.
725600	726900	How do we visualize that?
727240	730940	Okay, to visualize this, imagine a flagpole planted in the ground.
730940	735040	The position of the pole represents the probability of a quantum particle.
735840	742140	But in quantum mechanics, particles also have a hidden wave-like property that interferes with other particles.
742300	743500	Right, the weird wavy stuff.
743720	744120	Exactly.
744360	747780	So in the flag space, you don't just track the pole, you attach a flag to it.
748000	752900	The 2D flag system tracks not just where the pole is, but the exact geometric angle the flag is pointing.
752920	753500	Oh, that makes sense.
753500	766000	So instead of a magical abstract number that mathematically flips signs in an equation somewhere, you have a literal matrix that physically rotates the flag around the pole by 90 degrees.
766000	771320	So the complex algebra reappears purely as real geometric matrix operations.
772020	774520	The geometry is finally uncompressed and visible.
774660	775740	We can see the flag turning.
775900	776320	Exactly.
776640	780260	But the sources note that this introduces a massive new tension, right?
780780	788620	When you do this uncompressing, especially when you start looking at composite systems, like multiple quantum particles interacting and entangling with each other,
788900	792660	this expanded real number space requires way more parameters.
792900	793440	It does.
793440	794740	Because the math suddenly balloons.
794980	795180	Right.
795620	801980	A complex space might require eight parameters to describe a system, but this uncompressed real space requires 16 parameters.
802080	802600	Yeah, it doubles.
802980	804940	Which leads to my biggest question about this whole theory.
805420	807740	What does this actually mean for reality?
808640	815660	If uncompressing the math suddenly creates states and dimensions that don't actually exist in the laboratory, like things we can never measure,
816320	818480	aren't we just confusing our map for the territory?
818480	824960	We've built this highly detailed map, but it's showing 16 roads when the real world only has eight.
825080	829720	That is the crucial defining question of this entire section, really.
830140	832960	And it brings us to the concept of the admissibility quotient.
833660	838100	You are completely right that the flag space math creates states that look mathematically distinct on paper,
838280	842560	but are totally indistinguishable to any physical measuring device in a lab.
842560	843020	Right.
843100	845760	They look different in the math, but act the same in reality.
845900	846200	Exactly.
846660	849640	And fliction recognizes this over-parameterization.
850380	853080	The solution is that we have to mathematically quotient,
853540	856700	which basically just means filter out those representational artifacts.
856860	857360	Filter them out.
857540	857780	Yeah.
857900	861160	We look at all these overlapping mathematical descriptions on our detailed map
861160	864620	and deliberately group together the ones that behave identically in reality.
864920	868100	So we filter out the noise of our own mathematical language.
868100	868580	Yes.
869160	874940	And consider the underlying philosophical claim here, which Fliction calls witness invariance.
875420	878300	Reality is what persists across different representations.
878720	879100	Witness invariance.
879780	879960	Right.
880220	884340	If two quantum states look completely different in our flag space equation,
884840	888400	but they yield the exact same physical measurement in a detector,
888980	893220	what Fliction calls an admissible witness, then they are physically identical.
893680	894200	Okay.
894400	895060	I'm getting it.
895060	900160	The standard complex numbers and Fliction's real flag space are really just two different
900160	904340	mathematical nets draped over the exact same invariant physical reality.
904540	906440	So the map is not the territory.
907060	911780	The ontology, the actual true nature of reality, belongs only to the invariant structure.
912040	915480	It's the thing that survives no matter what math you use to describe it.
915500	915940	Exactly.
915940	921100	And that underlying structure, Fliction argues, is geometric rotation and scaling, the amplet whist.
921220	924380	So the quantum weirdness isn't a failure of our reality.
924680	928700	It's a byproduct of us forgetting that our algebra was just a shorthand for geometry.
929060	929820	Beautifully said.
930100	935160	By uncompressing it, we realize the universe isn't playing a game of abstract algebraic dice.
935380	938080	It is executing precise geometric rotations.
938080	943980	Okay, so that handles the abstract, invisible, microscopic quantum realm.
944320	948940	But it's one thing to say that subatomic math is secretly a geometric trick.
949640	959360	Where this deep dive gets truly mind-altering for me is when Fliction applies this exact same amplet whist framework to the macro world.
959360	961900	Oh yeah, this is where it gets really tangible.
962220	970640	You're going to leave the theoretical quantum realm and literally zoom into the silicon circuitry inside the phone or the laptop you're listening to this on right now.
970660	972060	Right, the stuff you can actually touch.
972140	972520	Exactly.
973040	976880	This is the domain of continuation geometry applied to electrical engineering.
977140	979760	We are looking at how circuits process energy and information.
980360	986080	And immediately, the source points out that the fundamental properties of circuits are, once again, amplet whist operators.
986160	987140	They are everywhere.
987520	988540	Let's talk about impedance.
988540	995420	Anyone who has ever bought a speaker or a pair of high-end headphones has seen an impedance rating, usually measured in ohms.
996680	1000780	In standard circuit theory, impedance is just the relationship between voltage and current.
1001320	1002840	It resists the flow of electricity.
1003260	1009360	But Fliction proves that impedance is literally an amplet whist operator acting on the electrical current.
1009460	1012320	To see how that works physically, you have to look at alternating current.
1012940	1016000	Impedance isn't just a flat wall blocking electricity.
1016000	1020480	In an AC circuit, impedance actually has two distinct parts.
1021220	1024540	It has a magnitude, which scales the current up or down.
1024880	1030240	And it has a phase, which shifts or twists the timing of the current relative to the voltage.
1030400	1030920	Amplitude?
1031460	1032300	Amplitude and twist.
1032520	1037940	It is the exact same mathematical operator we saw in complex analysis with imaginary numbers.
1037940	1042740	But now it is physically manifested as a copper coil or a capacitor on a circuit board.
1042980	1043780	That is wild.
1044120	1050640	When electricity flows through the circuit board of your phone, it is literally being geometrically scaled and rotated by the components,
1050900	1056680	which leads to a brilliant geometric redefinition of something engineers talk about all the time, which is resonance.
1056680	1061320	Yeah, resonance is a great example. Standard engineering defines resonance in an RLC circuit.
1061320	1070620	That's a circuit with a resistor, an inductor, and a capacitor as the specific frequency where the inductive and capacitive reactances perfectly cancel each other out.
1070960	1075480	But in continuation geometry, what is resonance physically doing?
1075720	1080360	Resonance is simply the point where the twist of the operator vanishes entirely.
1081040	1081800	It just disappeared.
1081800	1088120	The operator stops rotating the current and only acts to scale it. It becomes an amplet with fixed point.
1088320	1097440	Okay, going back to our smartphone map analogy, it's like you're pinching to zoom, but for a split second, you stop twisting your wrist and you're only zooming straight in.
1097800	1099840	The geometric rotation falls to zero.
1100040	1100540	Precisely.
1100780	1106560	Because there is no twist, the system encounters the absolute minimum geometric resistance to continuation.
1107040	1111420	That is exactly why resonant tanks are used in oscillators and radios, you know.
1111800	1118020	The energy wants to continue, and a zero twist environment is the path of least geometric resistance.
1118380	1120700	So a resonance circuit is smooth and fully reversible.
1121000	1123320	The energy scales up, it scales down, it flows back and forth.
1123440	1123580	Yeah.
1123840	1126380	But reality isn't always smooth and reversible, is it?
1126460	1127860	Sometimes things crash into a wall.
1127920	1128620	Yeah, they do.
1128620	1130400	And this brings us to the diode.
1131000	1134240	This is where the physics of the circuit board becomes strictly irreversible.
1134800	1138480	An ideal diode is essentially a one-way valve for electricity.
1138880	1142440	It lets current flow forward, but perfectly blocks it from flowing backward.
1142620	1142840	Right.
1143240	1145080	Flicking, it gives us a fantastic name.
1145260	1147640	It's not just a switch, it's a sphere pop operator.
1148020	1150680	Specifically, it acts as a pop-refuse pair.
1150680	1154840	Let's break down exactly what that means geometrically, because it's important.
1155440	1159940	When the voltage is pushing forward, what we'd call the admissible direction, the diode
1159940	1161020	executes a pop.
1161160	1161540	A pop.
1161640	1161820	Yeah.
1162180	1166740	It evaluates the voltage, accepts it, and lets it flow through, maybe scaling it slightly
1166740	1169480	by whatever minor resistance the diode inherently has.
1169880	1174560	But when the voltage pushes backward, the inadmissible direction, the diode does not just scale
1174560	1175140	it or twist it.
1175420	1177380	It executes a refuse operation.
1177500	1178380	It refuses it.
1178380	1184320	It completely collapses all reverse voltage, no matter how strong it is, to a strict, uniform
1184320	1185580	null output.
1186200	1186600	Zero.
1186940	1189940	And this isn't just a quirky naming convention for a switch.
1190640	1196020	Fliction provides a rigorous mathematical proof here about rectification, which is the process
1196020	1201000	of turning alternating current, which goes back and forth, into direct current, which only
1201000	1201680	goes one way.
1201800	1202120	Right.
1202120	1204900	Think about the heavy power brick you use to charge your laptop.
1205780	1207520	That brick is a rectifier.
1207520	1210980	The proof in the source is stunning in its simplicity.
1211800	1215200	Fliction proves that no invertible function can ever rectify a signal.
1215460	1215720	Never.
1216000	1220620	If mathematical function is invertible, it means you can always work backward from the
1220620	1222820	output to figure out exactly what the input was.
1223360	1228780	But if you have a diode blocking reverse voltage and the output is zero, you have absolutely no
1228780	1233660	idea if the reverse voltage pushing against it was negative five volts or negative 50 volts
1233660	1234980	or negative 5,000 volts.
1235120	1236000	You can't work backward.
1236120	1236520	Exactly.
1236520	1241640	All of that highly distinct input information has been irreversibly murdered and collapsed
1241640	1242440	into a single output.
1242920	1243520	Zero.
1243520	1245840	The implication here is just profound.
1246740	1250440	Rectification fundamentally requires the destruction of information.
1251200	1255460	Irreversibility isn't just a clever engineering design choice to keep your battery safe.
1255700	1260380	It is a fundamental mathematical necessity to turn AC into DC power.
1260380	1267400	The diode introduces genuine, unrecoverable collapse into the geometric flow of the circuit.
1267800	1270760	Speaking of information and memory, let's talk about capacitors.
1271180	1275140	We usually think of a capacitor as like a little temporary battery on a circuit board.
1275260	1276040	It holds a charge.
1276560	1278440	We can measure its voltage with a multimeter.
1278940	1281580	And we call that measurement its state right now.
1281580	1282020	Right.
1282120	1284020	We treat it as an instantaneous state.
1284220	1288200	But fliction forces us to look much closer at what that state actually represents.
1288720	1293900	A capacitor's voltage at this exact second is mathematically an integral over its entire
1293900	1294560	history.
1294780	1297480	The current that flows into a capacitor doesn't just vanish.
1297660	1298360	It accumulates.
1298900	1303720	The voltage right now is a highly compressed, incredibly lossy summary of every single micro
1303720	1307520	fluctuation of current that has ever flowed through it since the device was turned on.
1307600	1309460	It's holding all that history but compressed.
1309920	1310140	Yeah.
1310140	1311980	I was trying to think of an analogy for this.
1312120	1317600	It's like clearing your internet browser history but only keeping a single counter of how many
1317600	1319340	times you've visited your favorite site.
1319720	1325400	The detailed moment-by-moment narrative of everywhere you clicked, how long you lingered on a page,
1325780	1328880	the order in which you read things, all of that is completely gone.
1328980	1329620	Gone forever.
1329780	1330740	The timeline is destroyed.
1331180	1332920	Only this heavily compressed summary.
1333700	1334740	The state counter remains.
1334740	1339620	The math term fliction uses for this is a non-injective functional, meaning,
1339620	1345600	an infinite number of completely different electrical histories could result in the exact same final
1345600	1346080	voltage.
1346080	1347380	Okay, give me an example of that.
1347460	1353020	Well, you could have a slow, steady trickle of electricity over an hour or a massive chaotic
1353020	1355580	spike followed by silence for 59 minutes.
1355780	1357000	The final state is the same.
1357180	1360080	The specific path, the narrative, is discarded.
1360540	1363720	And because the path is discarded, information is lost forever.
1363720	1368740	Which brings us to the ultimate cost of losing information, the logic gates that actually do
1368740	1369960	the thinking in our computers.
1370260	1374460	We are moving from analog power components to digital logic here.
1374620	1378040	Think about a standard AND gate in a computer processor.
1378680	1382620	It takes two inputs, say a one and a zero, and produces one output.
1383140	1385380	Like the diode, it is a pop operator.
1385860	1389680	It takes a bounded region of multiple inputs and collapses them into a single output.
1389680	1394180	Because it collapses two inputs into one, it fundamentally destroys information.
1394720	1399820	And fliction goes as far as to quantify exactly how much information is destroyed by these
1399820	1400760	geometric collapses.
1401380	1408580	If you assume all inputs are equally likely, an AND gate destroys approximately 1.189 bits
1408580	1410680	of information every single time it operates.
1411080	1415560	An XR gate, an exclusive OR gate, destroys exactly one bit of information.
1415840	1417100	So what does this all mean physically?
1417100	1422700	Like why should you, listening to this, care if an abstract logic gate destroys 1.189 bits
1422700	1423880	of mathematical information?
1424140	1425640	You care because of Landauer's bound.
1426000	1431040	In the 1960s, a physicist named Rolf Landauer proved that erasing information is not just
1431040	1432220	a mathematical abstraction.
1432840	1436080	It has an unavoidable thermodynamic cost in the physical universe.
1436200	1437300	A thermodynamic cost.
1437340	1437640	Yes.
1437780	1441380	Every time you erase a bit of information, you must dissipate a minimum amount of physical
1441380	1442260	heat into the environment.
1442260	1447420	So if you feel the bottom of your laptop right now, or the back of your phone if you've been
1447420	1450320	gaming on it, that heat burning your knees.
1450520	1457120	That heat is, in part, the literal thermodynamic exhaust of information being destroyed by the
1457120	1458380	logic gates in your CPU.
1458800	1460440	That is insane to think about.
1460620	1464520	And fliction takes this one step further, tying it back to the continuation geometry.
1465120	1467720	This dissipation of heat is fluctuation.
1467720	1471420	It manifests as Johnson-Nyquist thermal noise.
1471880	1477200	The very resistors that dissipate the heat also undergo microscopic thermal fluctuations,
1477780	1480780	creating electrical noise that pushes back against the signal.
1481020	1482840	So the universe demands a toll.
1483220	1484680	You want to make a logical decision.
1485040	1489180	You want to rectify an AC signal or run an AND gate to compute a spreadsheet.
1489620	1491600	You have to geometrically collapse the space.
1491820	1493600	You have to destroy the historical narrative.
1493600	1498840	And the universe forces you to pay for that destruction in the cold, hard currency of
1498840	1500280	thermodynamic heat and noise.
1500580	1504140	It's incredibly poetic, really, in a rigorous thermodynamic way.
1504340	1504780	It is.
1505080	1509060	But this naturally leads to the next massive leap in fliction's theory.
1509840	1515660	Because if this scaling and twisting is the unavoidable thermodynamic tax for processing
1515660	1521800	information in a silicon computer, the immediate question is, does the biological computer in
1521800	1524200	our skull have to pay that exact same tax?
1524340	1525400	Ah, yes.
1525820	1526640	The wetware.
1526720	1527440	The human brain.
1527440	1532980	The sources argue that the exact same geometric operations happening on a microchip are happening
1532980	1535700	inside your skull right now as you listen to my voice.
1536260	1540380	We have to look at the architecture of the brain to understand this, specifically the neocortex.
1541360	1545380	Neuroscientists have known for a long time that the cortex is organized into these vertical
1545380	1547760	stacked structures called cortical columns.
1547980	1548080	Right.
1548080	1552720	But there has been a longstanding, fierce debate about what a cortical column actually does.
1552780	1555480	Is it just a structural byproduct of how the brain grows?
1555620	1558100	Or is it a fundamental functional processing unit?
1558420	1560920	And Fliction drops a massive hypothesis here.
1561480	1564440	Cortical columns are local amplitwist operators.
1565040	1570020	Just like an impedance operator on a circuit board scales and twists electrical current, a cortical
1570020	1574800	column is a geometric operator that scales and rotates neurorepresentations of the world.
1574800	1580460	Okay, let's unpack this carefully, because bridging electrical engineering heat dissipation
1580460	1583300	to human thought is a huge conceptual leap.
1583660	1586040	How does the biological brain twist a thought?
1586560	1591220	To map this, we really need to bring in the full RSVP framework we mentioned at the start,
1591320	1593520	the relativistic scalar vector plenum.
1593580	1594460	Right, RSVP.
1594720	1600180	Applied to cognition, Fliction breaks the architecture of the mind down into three interacting fields.
1600180	1604460	First, you have the scalar field, denoted by the Greek letter phi.
1604880	1608040	This represents semantic salience, or the raw intensity of meaning.
1608620	1610520	How strongly does a concept resonate with you?
1610620	1613260	And that maps to the amplitude in our amplitwist, right?
1613560	1615120	The scaling up or down of signal.
1615480	1616000	Precisely.
1616500	1621520	Second, you have the vector field, denoted by a little v with an arrow over it.
1621880	1624940	This represents conceptual velocity, or the flow of attention.
1625400	1627220	Where is your mind moving in real time?
1627360	1629360	What concept is it being drawn toward next?
1629360	1632600	And that is the twist, the rotation through semantic space.
1632720	1632940	Yes.
1633600	1639420	Finally, the third field, which modulates the other two, the entropy field, denoted by S.
1639960	1645060	This represents cognitive uncertainty, the noise, the doubt.
1645280	1649040	The equivalent of that Johnson-Nyquist thermal heat in the computer chip,
1649220	1651620	but experienced biologically as confusion.
1651820	1652440	Exactly.
1652740	1659100	So my mind is a literal geometric field where cortical columns are constantly twisting my attention toward new concepts,
1659100	1664460	and scaling up the intensity of my thoughts, all while battling the thermodynamic entropy of confusion.
1664600	1665380	That's the model.
1665660	1667620	Let's walk through an example to really ground this.
1668100	1669980	Imagine I'm looking at an apple on a table.
1670240	1676260	In this RSVP framework, my visual cortex registers the shape, which sparks a semantic scalar field.
1676500	1678140	That's fey for the concept of apple.
1678520	1679660	It scales up in intensity.
1679740	1680920	Fey, you're recognizing it.
1680920	1682600	But then I realize I'm hungry.
1683560	1690480	My attention vector field, the V, twists my cognition from the pure visual concept of apple toward the action of eating.
1691080	1695040	My cortical columns are physically rotating the representation in my brain.
1695120	1696420	That is the exact mechanism.
1696760	1703220	And this leads to what might be Fliction's most provocative claim, a geometric definition of consciousness itself.
1703260	1703900	Oh, this is big.
1703900	1704200	Yeah.
1704600	1708560	Consciousness is not some magical, glowing substance secreted by the brain.
1709220	1713000	In this framework, consciousness emerges purely as a coherence tile.
1713160	1713960	A coherence tile.
1714060	1715620	What physically is that in the brain?
1715800	1718980	It is a critical phase transition in the alignment of these fields.
1719500	1725440	Imagine a region in your cortex where the entropy gradient, the uncertainty, the noise, suddenly drops low enough.
1725520	1725760	Yes.
1725760	1735500	When that noise clears, the semantic scalar field, the intensity of the apple concept, and the attention vector field, the drive to eat it, are able to perfectly align with each other.
1735580	1735860	Wow.
1735960	1739040	The amplet-wist operators in that specific region synchronize.
1739360	1743000	That stable, aligned region of the geometric field is a conscious state.
1743240	1743580	Wait, wait.
1743640	1746480	I really need to push back on this to make sure I'm not taking the metaphor too literally.
1746700	1746960	Go ahead.
1746960	1765280	If my brain is just twisting and scaling semantic fields, does that mean every single thought I have, like me deciding what to have for dinner, or you the listener understanding the words I am saying right now, is essentially a physical geometric trajectory.
1765520	1771340	Like a literal weather pattern of meaning moving across the physical surface of the cortex.
1771580	1773760	The sources argue that it is not a metaphor.
1773760	1779080	Your thoughts are literal geometric flows over a representational manifold.
1779500	1781300	That is, I mean, that's just incredible.
1781400	1786360	And what elevates this from philosophy to rigorous science is that this is a highly testable hypothesis.
1787200	1799540	Flixian predicts that if we use advanced neural recording techniques, like looking at population vectors in the prefrontal cortex during a task switching experiment, we shouldn't just see random neurons firing like a fireworks display.
1799720	1800360	What should we see?
1800360	1805560	We should be able to see literal mathematically perfect rotation-like trajectories in the data.
1806000	1808160	We should see the physical footprint of the twist.
1808800	1816100	We should literally see the brain mathematically rotating a concept in multidimensional space before it acts on it.
1816740	1822380	It unifies thermodynamics, field theory, and cognitive neuroscience under a single geometric rule.
1822460	1823380	Yes, exactly.
1823380	1835880	The exact same math that explains a resonant circuit on a motherboard, scaling and flowing without resistance, explains how your brain holds a clear conscious thought without a decaying into entropic noise.
1835980	1837860	It's all the same underlying framework.
1838160	1839960	My mind is officially blown by this.
1840640	1842260	But flixing still isn't done.
1842500	1843540	Not even close.
1843540	1856900	Because if individual human brains operate via this amplisk geometry, paying the thermodynamic toll to process meaning, what happens when you take billions of these twisting, scaling brains and network them together over thousands of years?
1857080	1859160	What does the geometry of human culture look like?
1859200	1860260	Right, the macro scale.
1860260	1864780	This brings us to the final major application in the sources, which is ampelist cascades.
1865560	1873320	We are scaling up from the individual biological cortex to the macroevolution of human society, language, and the urgent frontier of artificial intelligence.
1873320	1878200	The sources model cultural and semantic evolution as recursive geometric layers.
1878440	1882120	They use a fancy script R to denote these cascading layers.
1882440	1889040	And they break down the evolution of human language into three distinct measurable geometric deformations.
1889040	1890240	Okay, let's go through these.
1890520	1893360	Think of it like geological strata, but for human meaning.
1894340	1896980	The first layer, R1, is phonetic drift.
1897660	1900420	Flixing describes this as a vowel shift generator.
1900920	1903720	Let's spend some time on this because it's a massive aha moment for me.
1904540	1906080	Take the great vowel shift in English.
1906960	1910480	Over a few centuries, the physical sounds a culture makes slowly deform.
1911320	1915400	Words that used to be pronounced one way slowly slide to a different pronunciation.
1915700	1917340	Right, language naturally changes.
1917340	1919640	But Flixing isn't just saying this happens.
1919820	1925540	He is saying this drift is a physical, measurable geometric rotation in the phonetic space of the culture.
1926620	1930620	The collective mouth shape of a society is literally twisting over generations.
1930880	1931520	It's fascinating.
1931720	1935420	And moving up to the next layer, you have R2, which is grammaticalization.
1935920	1938300	The source calls it the aspect to tense mapping.
1938480	1939300	Okay, how does that work?
1939300	1951160	This is where a language takes a concept of how an action happens, its aspect, like whether an action is ongoing or completed, and geometrically twists it into a rigid grammatical rule about when it happens.
1951440	1954000	It's tense, past, present, or future.
1954660	1958680	It is a structural scaling and rotation of the culture's grammar itself.
1958680	1964460	And finally, we hit R3, semantic bleaching, or metaphor decay.
1965000	1970320	This is when a word that used to have a vivid, intense meaning gets scaled down by the society over time.
1970720	1974180	Its amplitude drops until it becomes a generic grammatical particle.
1974380	1976480	A perfect example of this is the word terrible.
1976620	1976960	Right.
1976960	1982020	Centuries ago, if you said something was terrible, you meant it inspired literal, paralyzing terror.
1982160	1983460	It was a high-amplitude word.
1983540	1984360	You'd run away from it.
1984560	1984920	Exactly.
1985360	1987740	Today, you say, I had a terrible sandwich for lunch.
1988120	1992420	The semantic meaning has been geometrically scaled down bleached until it just means bad.
1992860	1997360	So Flexin is providing a rigorous mathematical lingua franca for the humanities.
1997360	2005920	The sources define cultural curvature as a literal, calculable measurement of how much a society's semantic meaning diverges from its origin point.
2005920	2007240	Cultural curvature.
2007760	2008040	Yes.
2008320	2019380	And they introduced the concept of cognitive temperature based directly on those entropy weights we discussed in the brain to model how volatile or stable a cultural attractor is over time.
2019380	2034260	So the rise and fall of an empire, the evolution of Proto-Indo-European into modern English, the spread of a viral meme on the internet, all of it can be graphed as a cascade of amplitwist fields experiencing thermodynamic entropy.
2034260	2040040	It gives us a way to mathematically quantify the robustness of a society's belief system.
2040300	2043320	Which is incredibly relevant for the technology we are building right now.
2043320	2043980	Oh, absolutely.
2044180	2053640	Because the source explicitly applies this amplitwist cascade theory to AI alignment, specifically for large language models like the ones generating text today.
2053800	2058020	The alignment problem is arguably the most pressing existential issue in computer science right now.
2058020	2063840	I mean, how do we ensure that an AI's goals and reasoning processes actually match human values and don't pose a threat?
2064080	2064220	Right.
2064700	2069320	Flixion proposes an entirely new approach to solving this, an amplitwist loss function.
2069680	2078100	Basically, the current paradigm of AI training just checks if the AI spits out the right text or gives the correct answer to a prompt.
2078100	2080640	But Flixion says that isn't enough.
2080900	2081520	Not at all.
2081520	2090740	It's about whether the hidden, multidimensional geometric shape of the AI's reasoning matches the geometric shape of human epistemic dynamics.
2090920	2092680	Consider the danger if we ignore this.
2093040	2100120	If the AI arrives at the correct answer, but its internal semantic field is twisted 90 degrees away from the human semantic field,
2100620	2106900	if its geometry is fundamentally alien, we have a massive alignment problem waiting to explode.
2106900	2111800	The AI might do the right thing today, but when it encounters a novel situation,
2112320	2118320	that 90-degree twist will send its decision-making rocketing off in a direction totally incompatible with human survival.
2118460	2121320	It's like the AI is perfectly mimicking our language on the surface,
2121680	2125620	but the geometry of its mind is operating on a completely different mathematical manifold.
2125980	2131760	Flixion's loss function gives engineers a mathematical tool to measure that exact misalignment during training
2131760	2138480	and theoretically force the AI's geometric cascade to align perfectly with the human R-layers.
2139020	2143220	It forces the AI not just to sound human, but to geometrically think human.
2143380	2145880	It's a completely novel way to tackle the problem.
2145980	2147260	Okay, I need to take a long breath.
2147500	2151600	Let's try to pull this massive sprawling theory all together for you, the listener.
2151600	2156020	We started with a transcriber misreading a handwritten math symbol.
2156720	2164960	We uncovered a meticulous insistence that math must distinguish between casual approximations and true infinitesimal geometric alignment.
2165220	2169620	And from there, we saw that complex numbers aren't abstract mathematical hacks.
2169840	2175640	They are unsquared numbers, literal geometric operators that simultaneously scale and twist space.
2175640	2182900	We took that amplit-wist into the subatomic quantum realm, stripping away the complex algebra to reveal an uncompressed real flag space,
2183240	2187000	where the weirdness of quantum mechanics is just an artifact of our coordinate systems.
2187160	2191320	Right, and reality is whatever invariant structure survives the admissibility quotient.
2191580	2196680	We scaled up to the macro world of a circuit board, proving that impotence is an amplit-wist operator,
2197220	2199380	resonance is the zero-twist fixed point,
2199380	2205800	and the diode proves that rectification demands the irreversible thermodynamic destruction of information.
2206440	2209060	We saw that capacitors aren't just holding a static state.
2209380	2212160	They are highly lossy compressions of a timeline's history,
2212440	2214720	and logic gates murder information,
2215120	2219100	bleeding it out onto your lap as thermodynamic heat and Johnson-Nyquist noise.
2219820	2224260	We moved into biology, where cortical columns act as those same geometric operators,
2224700	2227260	aligning the fields of meaning, attention, and entropy
2227260	2231560	into the coherent phase transitions we experience every day as consciousness.
2231820	2237580	And finally, we watched that exact same geometric engine scale up to the societal evolution of human language,
2237780	2241580	vowel shifts, and the urgent frontier of aligning artificial intelligence.
2241940	2246600	Fliction is arguing that it is all from the absolute subatomic bottom to the societal top,
2246960	2247980	continuation geometry.
2248240	2249400	It is all the amplit-wist.
2249740	2255420	Reality is just the universe constantly scaling, flowing, and twisting itself into new admissible states,
2255420	2259820	fighting every step of the way against the relentless thermodynamic pull of entropy.
2260160	2262120	Ultimately, this matters to you directly.
2262400	2266460	It offers a totally unified, incredibly beautiful lens of reality.
2266640	2266760	Yeah.
2267000	2272540	You aren't just living in a fractured world of disconnected disciplines physics over here in a lab.
2272700	2274920	Your hot smartphone over there on your desk,
2275240	2278000	your cultural heritage locked in a museum somewhere else,
2278000	2283540	you are an active biological participant in a continuous geometric flow.
2283740	2288140	Every single time you try to communicate a difficult idea to a friend,
2288260	2290900	every time you try to overcome the entropy of your own confusion,
2291360	2294920	every time your phone processes a logical command and warms your hand,
2295480	2301200	you are navigating the exact same fundamental forces of admissibility, scaling, and torsion.
2301660	2303040	You are part of the geometry.
2303360	2303920	Well said.
2304060	2305780	It is a breathtaking way to look at the world.
2305780	2309360	It means that when you twist your fingers on your phone screen to zoom in on a map,
2309780	2313980	you are quite literally pantomiming the fundamental source code of the cosmos.
2314380	2316700	But I want to leave you with one final thought to mull over.
2317160	2318380	Something to keep you awake tonight.
2318620	2319540	Oh, this should be good.
2319800	2324520	If absolutely everything, from the quantum particles vibrating in your cells,
2324780	2327780	to the silicon logic gates dissipating heat in your devices,
2328400	2330500	to the neural columns firing in your brain,
2330560	2333420	to the very language you are using to understand my voice right now,
2333420	2336980	if all of it is just a series of geometric twists and scales,
2337620	2340840	what is the underlying space that is actually being twisted?
2341380	2342520	We'll leave you to think about that one.
